system;atomic mass
Mg;24.305
Al;26.98154
Sc;44.95591
Ti;47.867
V;50.9415
Cr;51.9961
Mn;54.93804
Fe;55.845
Co;58.93319
Ni;58.6934
Cu;63.546
Zn;65.38
Zr;91.224
Nb;92.90637
Mo;95.95
Pd;106.42
Hf;178.486
Ta;180.9479
