system;alpha[kJ/mol];beta[kJ/mol];delta[kJ/mol]
Mg;21;21;-2.9
Al;63;63;55.4333776
Sc;-90;-90;-91.11106212
Ti;-58;-58;-64.22922397
V;-29.5;-29.5;-31.76229839
Cr;52;52;2.155215595
Mn;-2;-2;27.23904888
Fe;29;29;32.55502708
Co;21;21;18.9
Ni;16;16;18.5422701
Cu;55;55;72.07661456
Zn;15;15;84.85164447
Zr;-64;-64;-74.39187577
Nb;-35.3;-35.3;-40.82486595
Mo;15;15;0.788789096
Pd;-10;-10;25.61455131
Hf;-38;-38;-51.96748545
Ta;-36;-36;-6.38093932
